run_dir,run_name,loss,accuracy,precision,recall,f1,num_samples,r_loss,r_accuracy,r_precision,r_recall,r_f1,rank_score
outputs/train_runs/VGG16,VGG16,0.9923099875450134,0.7575500011444092,0.7049696246410536,0.6025776917773511,0.629334686554305,7053,1.0,1.0,1.0,1.0,1.0,5.0
outputs/train_runs/MobileNetV2,MobileNetV2,2.1718966960906982,0.5033318996429443,0.3652019804513236,0.26726684371839793,0.28265170030860565,7053,2.0,2.0,3.0,3.0,2.0,12.0
outputs/train_runs/InceptionV3,InceptionV3,3.384197473526001,0.49014604091644287,0.3742783243527636,0.27169887777385193,0.2794053004607699,7053,3.0,3.0,2.0,2.0,3.0,13.0
outputs/train_runs/ResNet152V2,ResNet152V2,30.41021156311035,0.33857932686805725,0.13211102585074047,0.09872569388800612,0.0899314427886468,7053,4.0,4.0,4.0,4.0,4.0,20.0
