run_dir,run_name,loss,accuracy,precision,recall,f1,num_samples,r_loss,r_accuracy,r_precision,r_recall,r_f1,rank_score
outputs/train_runs/VGG16,VGG16,1.0139096975326538,0.7639302611351013,0.6902912943269578,0.5916407046214965,0.61746774617616,7053,1.0,1.0,1.0,1.0,1.0,5.0
outputs/train_runs/MobileNetV2,MobileNetV2,2.192516326904297,0.49822771549224854,0.3467986511145172,0.25016508575862517,0.2655099071150304,7053,2.0,2.0,3.0,3.0,2.0,12.0
outputs/train_runs/InceptionV3,InceptionV3,3.4769792556762695,0.4727066457271576,0.37061074553020623,0.25843750016315026,0.26529630124741765,7053,3.0,3.0,2.0,2.0,3.0,13.0
outputs/train_runs/ResNet152V2,ResNet152V2,30.292762756347656,0.34722813963890076,0.12952257258303687,0.0985315467709979,0.08855849143203168,7053,4.0,4.0,4.0,4.0,4.0,20.0
